{"charErrorRates": [0.9385984427141268, 0.5636929922135706, 0.3475417130144605, 0.2585984427141268, 0.2181535038932147, 0.20084538375973304, 0.18829810901001112, 0.1785984427141268, 0.16827586206896553, 0.1571968854282536, 0.1603559510567297, 0.15350389321468297, 0.14527252502780869, 0.14229143492769744, 0.1385984427141268, 0.13388209121245828, 0.13308120133481646, 0.1328142380422692, 0.1246718576195773, 0.125027808676307, 0.12849833147942158, 0.13187986651835373], "wordAccuracies": [0.04994797086368366, 0.2547693374956642, 0.3942074228234478, 0.48074921956295524, 0.5461325008671523, 0.5676378772112383, 0.5815123135622615, 0.5953867499132848, 0.6194935830731877, 0.6397849462365591, 0.6325008671522719, 0.6448144294138051, 0.6534859521331946, 0.6685744016649323, 0.6755116198404439, 0.6817551161984045, 0.685397155740548, 0.68210197710718, 0.6992715920915713, 0.6982310093652445, 0.6879986125563649, 0.6833159902878946]}